Component,Component_Meaning,Kanji,Kanji_Meaning,Word,Word_Reading,English_Meaning,Position_in_Deck
山,mountain,出,"exit, leave",出る,でる,"go out, leave",77
山,mountain,出,"exit, leave",出す,だす,"take out, turn in",78
山,mountain,出,"exit, leave",出口,でぐち,"exit, exit ramp",431
山,mountain,出,"exit, leave",思い出す,おもいだす,"recollect, recall",687
山,mountain,出,"exit, leave",思い出,おもいで,"recollections, memory",688
山,mountain,出,"exit, leave",引き出し,ひきだし,"drawer, withdrawal",770
山,mountain,出,"exit, leave",貸し出す,かしだす,lend out<br>(used for businesses/banks),835
山,mountain,出,"exit, leave",出席,しゅっせき,"attendance, presence",893
山,mountain,出,"exit, leave",出発,しゅっぱつ,"departure, starting",934
山,mountain,出,"exit, leave",輸出,ゆしゅつ,export,1309
山,mountain,出,"exit, leave",出かける,でかける,"go out, be about to go out",1646
山,mountain,島,island,島,しま,"island, isle",1109
山,mountain,密,"secrecy, density (pop)",秘密,ひみつ,"secret, privacy",1272
山,mountain,両,"both, old japanese coin",両方,りょうほう,both,1330
山,mountain,両,"both, old japanese coin",両替,りょうがえ,"exchanging currency, break (a 1万 note)",1331
山,mountain,両,"both, old japanese coin",両親,りょうしん,parents,1332
山,mountain,岸,beach,海岸,かいがん,"coast, seashore",1461
山,mountain,催,"sponsor, hold (a meeting)",開催,かいさい,"holding (of an event), opening",1510
山,mountain,徴,"indications, sign",特徴,とくちょう,distinguishing characteristic,1511
山,mountain,缶,"tin can, container",缶詰,かんづめ,canned goods,1681
山,mountain,缶,"tin can, container",缶,かん,"can, tin",1683
穴,"hole, aperture",空,"empty, sky",空く,すく,"become empty, become less crowded",89
穴,"hole, aperture",空,"empty, sky",空く,あく,become available or vacant,443
穴,"hole, aperture",空,"empty, sky",空手,からて,"karate, empty hand",444
穴,"hole, aperture",空,"empty, sky",空,そら,"sky, weather",445
穴,"hole, aperture",空,"empty, sky",空気,くうき,"air, atmosphere",468
穴,"hole, aperture",空,"empty, sky",航空便,こうくうびん,airmail,1104
穴,"hole, aperture",空,"empty, sky",空港,くうこう,airport,1107
穴,"hole, aperture",究,"research, study",研究,けんきゅう,"research, study",778
穴,"hole, aperture",窓,"window, pane",窓,まど,"window, windowpane",1003
穴,"hole, aperture",容,"contain, form",内容,ないよう,contents,1485
穴,"hole, aperture",容,"contain, form",美容院,びよういん,hair salon,1507
穴,"hole, aperture",突,"stab, protruding",突き当たる,つきあたる,"come to the end of (street), run into (st)",1543
穴,"hole, aperture",突,"stab, protruding",突き当たり,つきあたり,end of a street,1544
豕,"pig, hog",家,"house, home",家,うち,"house, home, my family",96
豕,"pig, hog",家,"house, home",家,いえ,"house, home",465
豕,"pig, hog",家,"house, home",家内,かない,my wife,466
豕,"pig, hog",家,"house, home",家賃,やちん,rent (money),853
豕,"pig, hog",家,"house, home",家族,かぞく,"family, household",1007
豕,"pig, hog",家,"house, home",家庭,かてい,"home, family",1462
豕,"pig, hog",象,"elephant, pattern after",対象,たいしょう,"target, subject",1202
豕,"pig, hog",豚,"pork, pig",豚,ぶた,"pig, pork",1611
豕,"pig, hog",豚,"pork, pig",豚肉,ぶたにく,"pork, hog meat",1612
青,"blue, green",晴,clear up,晴れる,はれる,"be sunny, clear up",100
青,"blue, green",晴,clear up,晴れ,はれ,"fine weather, clear sky",476
青,"blue, green",晴,clear up,素晴らしい,すばらしい,"splendid, excellent",1460
青,"blue, green",情,"feelings, emotion",事情,じじょう,"circumstances, conditions",678
青,"blue, green",情,"feelings, emotion",情報,じょうほう,information,680
青,"blue, green",静,quiet,静か,しずか,"quiet, tranquil",1326
門,"gate, counter for cannons",開,"open, unfold",開ける,あける,"open, unlock",103
門,"gate, counter for cannons",開,"open, unfold",開く,ひらく,open を/が,104
門,"gate, counter for cannons",開,"open, unfold",開く,あく,open が,496
門,"gate, counter for cannons",開,"open, unfold",開始,かいし,beginning,917
門,"gate, counter for cannons",開,"open, unfold",開発,かいはつ,development,930
門,"gate, counter for cannons",開,"open, unfold",公開,こうかい,opening (to the public),1096
門,"gate, counter for cannons",開,"open, unfold",開催,かいさい,"holding (of an event), opening",1510
門,"gate, counter for cannons",閉,"closed, shut",閉じる,とじる,"close (book, eyes, etc.)",105
門,"gate, counter for cannons",閉,"closed, shut",閉める,しめる,"shut, close",106
門,"gate, counter for cannons",閉,"closed, shut",閉まる,しまる,"be shut, be closed",107
門,"gate, counter for cannons",聞,"hear, ask",聞く,きく,"hear, ask",108
門,"gate, counter for cannons",聞,"hear, ask",聞こえる,きこえる,"be heard, be audible",497
門,"gate, counter for cannons",聞,"hear, ask",新聞,しんぶん,newspaper,682
門,"gate, counter for cannons",間,"interval, space",時間,じかん,"time, hour",109
門,"gate, counter for cannons",間,"interval, space",年間,ねんかん,period of one year,499
門,"gate, counter for cannons",間,"interval, space",この間,このあいだ,"the other day, recently",500
門,"gate, counter for cannons",間,"interval, space",間,あいだ,"interval, space between",501
門,"gate, counter for cannons",間,"interval, space",人間,にんげん,"human being, people",502
門,"gate, counter for cannons",間,"interval, space",昼間,ひるま,"daytime, day",525
門,"gate, counter for cannons",間,"interval, space",間に合う,まにあう,"be in time, serve (my) purpose<br>なくても〜 do without",556
門,"gate, counter for cannons",間,"interval, space",期間,きかん,period (of time),839
門,"gate, counter for cannons",間,"interval, space",間違い,まちがい,"mistake, error",987
門,"gate, counter for cannons",間,"interval, space",間違える,まちがえる,"make a mistake (in something), confuse (を)",988
門,"gate, counter for cannons",間,"interval, space",間違う,まちがう,"be mistaken, be incorrect",989
門,"gate, counter for cannons",問,"question, ask",質問,しつもん,question,222
門,"gate, counter for cannons",問,"question, ask",問題,もんだい,"problem, question",780
門,"gate, counter for cannons",簡,"simplicity, brevity",簡単,かんたん,"simple, easy",781
門,"gate, counter for cannons",関,"connection, barrier",関する,かんする,"concern, relate to",1144
門,"gate, counter for cannons",関,"connection, barrier",関連,かんれん,"connection, relation",1145
門,"gate, counter for cannons",関,"connection, barrier",関係,かんけい,"relation, relationship",1146
門,"gate, counter for cannons",関,"connection, barrier",玄関,げんかん,"entrance, doorway",1640
耳,ear,聞,"hear, ask",聞く,きく,"hear, ask",108
耳,ear,聞,"hear, ask",聞こえる,きこえる,"be heard, be audible",497
耳,ear,聞,"hear, ask",新聞,しんぶん,newspaper,682
耳,ear,取,"take, fetch",取る,とる,"take, get",204
耳,ear,取,"take, fetch",受け取る,うけとる,"get (st from so), receive<div>take (as in take as an insult)</div>",729
耳,ear,取,"take, fetch",取れる,とれる,"come off, be removed",730
耳,ear,取,"take, fetch",書き取る,かきとる,"write down, note down",731
耳,ear,取,"take, fetch",取引,とりひき,"transaction, dealings",768
耳,ear,最,"utmost, most",最大,さいだい,"biggest, largest",505
耳,ear,最,"utmost, most",最初,さいしょ,"the beginning, first",507
耳,ear,最,"utmost, most",最後,さいご,"last, final",511
耳,ear,最,"utmost, most",最近,さいきん,"lately, recent",593
耳,ear,職,"post, employment",就職,しゅうしょく,finding employment,1188
耳,ear,厳,"stern, strictness",厳しい,きびしい,"strict, severe, intense",1273
耳,ear,趣,"purport, gist",趣味,しゅみ,"hobby, interest",1329
耳,ear,恥,"shame, dishonor",恥ずかしい,はずかしい,"embarrassed, ashamed, embarrassing",1432
耳,ear,撮,"snapshot, take pictures",撮る,とる,"take (a picture), film (a video)",1493
氏,"family name, surname",低,"lower, short",低い,ひくい,"low, short",113
氏,"family name, surname",紙,paper,紙,かみ,paper,249
氏,"family name, surname",紙,paper,手紙,てがみ,letter,943
氏,"family name, surname",婚,marriage,結婚,けっこん,marriage,285
氏,"family name, surname",婚,marriage,離婚,りこん,divorce,1286
氏,"family name, surname",民,"people, nation",市民,しみん,"citizens, townsmen",1030
氏,"family name, surname",民,"people, nation",住民,じゅうみん,"residents, inhabitants",1032
氏,"family name, surname",抵,"resist, reach",大抵,たいてい,"generally, mostly",1555
氏,"family name, surname",眠,"sleep, die",眠い,ねむい,sleepy,1642
氏,"family name, surname",眠,"sleep, die",眠る,ねむる,sleep,1644
免,"excuse, dismissal",晩,"nightfall, night",晩,ばん,evening (usually from sunset to bedtime),122
免,"excuse, dismissal",晩,"nightfall, night",今晩,こんばん,"this evening, tonight",123
免,"excuse, dismissal",晩,"nightfall, night",毎晩,まいばん,every evening,526
免,"excuse, dismissal",勉,"exertion, endeavour",勉強,べんきょう,study,217
食,"eat, food",飲,"drink, smoke",飲む,のむ,drink,126
食,"eat, food",飲,"drink, smoke",飲み物,のみもの,"beverage, drink",200
食,"eat, food",飯,"meal, boiled rice",ご飯,ごはん,"cooked rice, meal",127
食,"eat, food",飯,"meal, boiled rice",夕飯,ゆうはん,"evening meal, supper (かたい)",536
食,"eat, food",飯,"meal, boiled rice",朝ご飯,あさごはん,breakfast,715
食,"eat, food",館,"building, mansion",図書館,としょかん,library,263
食,"eat, food",館,"building, mansion",大使館,たいしかん,embassy,994
食,"eat, food",館,"building, mansion",旅館,りょかん,Japanese inn,995
食,"eat, food",館,"building, mansion",映画館,えいがかん,movie theater,996
食,"eat, food",館,"building, mansion",美術館,びじゅつかん,art museum,1505
食,"eat, food",館,"building, mansion",博物館,はくぶつかん,museum,1509
食,"eat, food",飾,"decorate, ornament",飾る,かざる,"decorate, exhibit",1635
食,"eat, food",飴,"rice jelly, candy",飴,あめ,"candy, sweets",1772
⺲,,買,buy,買う,かう,buy,128
⺲,,買,buy,買い物,かいもの,"shopping, purchase",716
⺲,,置,"placement, put",置く,おく,"put, leave",316
⺲,,置,"placement, put",位置,いち,"position, location",1285
⺲,,置,"placement, put",装置,そうち,"equipment, device",1499
⺲,,壊,"demolition, break",壊す,こわす,"break, destroy, smash",1213
⺲,,壊,"demolition, break",壊れる,こわれる,"break, break down, get out of order",1214
⺲,,夢,"dream, vision",夢,ゆめ,dream,1428
⺲,,寧,"rather, preferably",丁寧,ていねい,"polite, courteous, careful",1666
⺲,,慢,"ridicule, laziness",我慢,がまん,"patience, self-restraint",1669
⺲,,署,"signature, govt office",消防署,しょうぼうしょ,fire station,1679
舌,"tongue, reed",話,"tale, talk",話す,はなす,"speak, tell",136
舌,"tongue, reed",話,"tale, talk",話,はなし,"talk, story",540
舌,"tongue, reed",話,"tale, talk",会話,かいわ,conversation,553
舌,"tongue, reed",話,"tale, talk",話し合う,はなしあう,"discuss, talk about",554
舌,"tongue, reed",話,"tale, talk",電話,でんわ,"telephone, phone call",568
舌,"tongue, reed",話,"tale, talk",電話帳,でんわちょう,telephone book,1637
舌,"tongue, reed",活,"lively, resuscitation",生活,せいかつ,"life, living",747
舌,"tongue, reed",活,"lively, resuscitation",活動,かつどう,activity,908
舌,"tongue, reed",辞,"resign, word",辞める,やめる,"resign, retire",1175
舌,"tongue, reed",辞,"resign, word",辞書,じしょ,dictionary,1176
舌,"tongue, reed",辞,"resign, word",お辞儀,おじぎ,"bow, bowing",1617
舌,"tongue, reed",憩,"recess, rest",休憩,きゅうけい,"<div>break (from work, study, etc.)</div>",1589
聿,"brush, finally",書,write,書く,かく,write,139
聿,"brush, finally",書,write,書き直す,かきなおす,rewrite,257
聿,"brush, finally",書,write,図書館,としょかん,library,263
聿,"brush, finally",書,write,書き方,かきかた,"how to write, way of writing",548
聿,"brush, finally",書,write,書き取る,かきとる,"write down, note down",731
聿,"brush, finally",書,write,図書室,としょしつ,library room,1002
聿,"brush, finally",書,write,教科書,きょうかしょ,"textbook, schoolbook",1061
聿,"brush, finally",書,write,辞書,じしょ,dictionary,1176
聿,"brush, finally",書,write,横書き,よこがき,horizontal writing,1295
聿,"brush, finally",書,write,書留,かきとめ,registered mail,1317
聿,"brush, finally",書,write,絵葉書,えはがき,picture postcard,1476
聿,"brush, finally",建,build,建てる,たてる,"build, erect",315
聿,"brush, finally",建,build,建設,けんせつ,"construction, establishment",1278
聿,"brush, finally",建,build,建物,たてもの,"building, structure",1279
聿,"brush, finally",建,build,建つ,たつ,"be built, be erected",1280
聿,"brush, finally",律,"rhythm, law",法律,ほうりつ,law,797
聿,"brush, finally",健,"healthy, health",健康,けんこう,healthy,1491
聿,"brush, finally",鍵,key,鍵,かぎ,"key, lock",1574
聿,"brush, finally",筆,"writing brush, writing",鉛筆,えんぴつ,pencil,1621
聿,"brush, finally",筆,"writing brush, writing",万年筆,まんねんひつ,fountain pen,1622
見,"see, hopes",覚,"memorize, learn",覚える,おぼえる,"memorize, learn",140
見,"see, hopes",覚,"memorize, learn",覚める,さめる,"awake, wake up (目が)",549
見,"see, hopes",覚,"memorize, learn",覚ます,さます,"awaken, wake up 目を",550
見,"see, hopes",覚,"memorize, learn",目覚まし時計,めざましどけい,alarm clock,820
見,"see, hopes",親,"parent, intimacy",親,おや,parent,272
見,"see, hopes",親,"parent, intimacy",親しい,したしい,"intimate, close",1004
見,"see, hopes",親,"parent, intimacy",親切,しんせつ,"kind, friendly",1005
見,"see, hopes",親,"parent, intimacy",不親切,ふしんせつ,"unkind, inattentive",1006
見,"see, hopes",親,"parent, intimacy",両親,りょうしん,parents,1332
見,"see, hopes",規,"standard, measure",規則,きそく,"rule, regulation",798
見,"see, hopes",規,"standard, measure",規模,きぼ,"scale (big, smallなど), scope",1383
見,"see, hopes",現,"present, existing",現在,げんざい,"the present, present time",919
見,"see, hopes",現,"present, existing",実現,じつげん,"realization, fulfillment",920
見,"see, hopes",現,"present, existing",表現,ひょうげん,"expression (of views, feelings, etc.)",938
勿,"not, must not",場,"location, place",場合,ばあい,"situation, case",144
勿,"not, must not",場,"location, place",工場,こうじょう,"factory, plant",567
勿,"not, must not",場,"location, place",売り場,うりば,"sales floor, department",650
勿,"not, must not",場,"location, place",場所,ばしょ,"place, space",702
勿,"not, must not",場,"location, place",入場券,にゅうじょうけん,entrance ticket,852
勿,"not, must not",場,"location, place",立場,たちば,"standpoint, position",889
勿,"not, must not",場,"location, place",飛行場,ひこうじょう,"airport, airfield",1103
勿,"not, must not",場,"location, place",駐車場,ちゅうしゃじょう,parking area,1527
勿,"not, must not",物,"thing, object",食べ物,たべもの,food,198
勿,"not, must not",物,"thing, object",飲み物,のみもの,"beverage, drink",200
勿,"not, must not",物,"thing, object",買い物,かいもの,"shopping, purchase",716
勿,"not, must not",物,"thing, object",荷物,にもつ,"baggage, package",717
勿,"not, must not",物,"thing, object",品物,しなもの,"article, thing",718
勿,"not, must not",物,"thing, object",見物,けんぶつ,"sightseeing, looking around",719
勿,"not, must not",物,"thing, object",物,もの,"thing, object",720
勿,"not, must not",物,"thing, object",忘れ物,わすれもの,"something left behind, lost item",721
勿,"not, must not",物,"thing, object",乗り物,のりもの,"vehicle, means of transportation",879
勿,"not, must not",物,"thing, object",着物,きもの,"kimono, clothes",884
勿,"not, must not",物,"thing, object",動物,どうぶつ,animal,909
勿,"not, must not",物,"thing, object",果物,くだもの,fruit,1017
勿,"not, must not",物,"thing, object",動物園,どうぶつえん,zoo,1099
勿,"not, must not",物,"thing, object",建物,たてもの,"building, structure",1279
勿,"not, must not",物,"thing, object",贈り物,おくりもの,"present, gift (和語)",1444
勿,"not, must not",物,"thing, object",博物館,はくぶつかん,museum,1509
勿,"not, must not",易,"easy, ready to",易しい,やさしい,"easy, simple",321
勿,"not, must not",易,"easy, ready to",貿易,ぼうえき,"(foreign) trade, import/export business",1307
勿,"not, must not",陽,"sunshine, yang principle",太陽,たいよう,sun,1261
勿,"not, must not",湯,"hot water, bath",湯,ゆ,"hot water, hot bath, bathhouse",1578
雨,rain,電,electricity,電車,でんしゃ,train,146
雨,rain,電,electricity,電話,でんわ,"telephone, phone call",568
雨,rain,電,electricity,電気,でんき,"electricity, electric light",569
雨,rain,電,electricity,電池,でんち,"electric cell, battery",1231
雨,rain,電,electricity,電話帳,でんわちょう,telephone book,1637
雨,rain,曇,"cloudy weather, cloud up",曇る,くもる,become cloudy,312
雨,rain,曇,"cloudy weather, cloud up",曇り,くもり,"cloudiness, cloudy weather",1266
雨,rain,雪,snow,雪,ゆき,"snow, snowfall",472
雨,rain,雲,cloud,雲,くも,cloud,1265
雨,rain,震,"quake, shake",地震,じしん,earthquake,1267
雨,rain,震,"quake, shake",震える,ふるえる,"tremble, quiver, shake",1268
雨,rain,濡,"get wet, damp",濡れる,ぬれる,get wet,1584
雨,rain,雷,"thunder, lightning bolt",雷,かみなり,"thunder, lightning",1698
雨,rain,零,"zero, spill",零,れい,"zero, naught",1699
馬,horse,駅,station,駅,えき,railway station,147
馬,horse,駅,station,駅員,えきいん,station attendant,571
馬,horse,験,"verification, effect",試験,しけん,"exam, test",779
馬,horse,験,"verification, effect",経験,けいけん,experience,800
馬,horse,験,"verification, effect",実験,じっけん,experiment,924
馬,horse,駐,"stop-over, reside in",駐車場,ちゅうしゃじょう,parking area,1527
馬,horse,騒,"boisterous, make noise",騒ぐ,さわぐ,"make a racket, mess around, make a fuss",1528
馬,horse,驚,"wonder, be surprised",驚く,おどろく,"be surprised, be startled",1533
首,"neck, counter for songs and poems",道,"road-way, street",道,みち,"way, road, street",148
首,"neck, counter for songs and poems",道,"road-way, street",水道,すいどう,"tap water, water supply",576
首,"neck, counter for songs and poems",道,"road-way, street",車道,しゃどう,"road, roadway (for vehicles)",577
首,"neck, counter for songs and poems",道,"road-way, street",道路,どうろ,"road, street",579
首,"neck, counter for songs and poems",道,"road-way, street",歩道,ほどう,"sidewalk, footpath",585
首,"neck, counter for songs and poems",道,"road-way, street",横断歩道,おうだんほどう,crosswalk,1298
首,"neck, counter for songs and poems",道,"road-way, street",片道,かたみち,one-way,1333
首,"neck, counter for songs and poems",道,"road-way, street",柔道,じゅうどう,judo,1538
首,"neck, counter for songs and poems",導,"guidance, leading",導入,どうにゅう,"introduction, bringing in",1405
也,to be (classical),他,"other, another",他,ほか,other,149
也,to be (classical),他,"other, another",他,た,"others, other things",1834
也,to be (classical),地,"ground, earth",土地,とち,land,580
也,to be (classical),地,"ground, earth",地図,ちず,"map, atlas",581
也,to be (classical),地,"ground, earth",地下鉄,ちかてつ,subway,623
也,to be (classical),地,"ground, earth",番地,ばんち,"house number, address",700
也,to be (classical),地,"ground, earth",地球,ちきゅう,the Earth,1263
也,to be (classical),地,"ground, earth",地震,じしん,earthquake,1267
也,to be (classical),地,"ground, earth",地域,ちいき,"region, area",1441
也,to be (classical),施,"give, bestow",実施,じっし,"being in effect, implementation",921
也,to be (classical),施,"give, bestow",施設,しせつ,"facilities, institution",1092
也,to be (classical),池,"pond, cistern",池,いけ,pond,1230
也,to be (classical),池,"pond, cistern",電池,でんち,"electric cell, battery",1231
斤,"axe, 1.32 lb",近,"near, early",近く,ちかく,"near, close to",154
斤,"axe, 1.32 lb",近,"near, early",近い,ちかい,"near, close",155
斤,"axe, 1.32 lb",近,"near, early",近く,ちかく,"vicinity, nearby",156
斤,"axe, 1.32 lb",近,"near, early",最近,さいきん,"lately, recent",593
斤,"axe, 1.32 lb",近,"near, early",近所,きんじょ,neighborhood,703
斤,"axe, 1.32 lb",近,"near, early",近付く,ちかづく,"approach, get acquainted",1359
斤,"axe, 1.32 lb",新,new,新しい,あたらしい,new,184
斤,"axe, 1.32 lb",新,new,新聞,しんぶん,newspaper,682
斤,"axe, 1.32 lb",新,new,新年,しんねん,New Year,683
斤,"axe, 1.32 lb",新,new,新幹線,しんかんせん,"Shinkansen, Bullet Train",1459
斤,"axe, 1.32 lb",質,"substance, quality",質問,しつもん,question,222
斤,"axe, 1.32 lb",所,"place, extent",場所,ばしょ,"place, space",702
斤,"axe, 1.32 lb",所,"place, extent",近所,きんじょ,neighborhood,703
斤,"axe, 1.32 lb",所,"place, extent",台所,だいどころ,kitchen,704
斤,"axe, 1.32 lb",所,"place, extent",住所,じゅうしょ,"address, one's dwelling",705
斤,"axe, 1.32 lb",所,"place, extent",便所,べんじょ,"bathroom, lavatory",706
斤,"axe, 1.32 lb",所,"place, extent",事務所,じむしょ,"office, one's place of business",1179
斤,"axe, 1.32 lb",所,"place, extent",洗面所,せんめんじょ,"washroom, bathroom",1242
斤,"axe, 1.32 lb",所,"place, extent",停留所,ていりゅうじょ,"stop, station",1316
斤,"axe, 1.32 lb",派,"faction, group",立派,りっぱ,"fine, excellent",1217
斤,"axe, 1.32 lb",断,"severance, decline",判断,はんだん,"judgment, decision",1296
斤,"axe, 1.32 lb",断,"severance, decline",断る,ことわる,"refuse, turn down",1297
斤,"axe, 1.32 lb",断,"severance, decline",横断歩道,おうだんほどう,crosswalk,1298
斤,"axe, 1.32 lb",訴,"accusation, sue",訴える,うったえる,sue,1438
斤,"axe, 1.32 lb",折,"fold, break",折れる,おれる,"snap/break, be folded, give in (to)",1489
斤,"axe, 1.32 lb",折,"fold, break",折る,おる,"break off, fold, bend",1490
豆,"beans, pea",短,"short, brevity",短い,みじかい,"short, brief",159
豆,"beans, pea",頭,"head, counter for large animals",頭,あたま,head,303
豆,"beans, pea",嬉,"glad, pleased",嬉しい,うれしい,"happy, glad",372
豆,"beans, pea",登,"ascend, climb up",登る,のぼる,"climb, mount, go up",1142
豆,"beans, pea",喜,"rejoice, take pleasure in",喜ぶ,よろこぶ,"be happy, be delighted",1431
矢,"dart, arrow",短,"short, brevity",短い,みじかい,"short, brief",159
矢,"dart, arrow",知,"know, wisdom",知る,しる,"&nbsp;(get to) know, realize",194
矢,"dart, arrow",知,"know, wisdom",知らせる,しらせる,"let know, inform",691
矢,"dart, arrow",鉄,iron,地下鉄,ちかてつ,subway,623
矢,"dart, arrow",族,"tribe, family",家族,かぞく,"family, household",1007
矢,"dart, arrow",医,"doctor, medicine",医者,いしゃ,doctor,1055
矢,"dart, arrow",医,"doctor, medicine",お医者さん,おいしゃさん,doctor,1056
矢,"dart, arrow",医,"doctor, medicine",歯医者,はいしゃ,dentist,1057
矢,"dart, arrow",候,"climate, season",候補,こうほ,"candidate, candidacy",1160
矢,"dart, arrow",権,"authority, power",政権,せいけん,"political power, government, administration",1442
矢,"dart, arrow",挨,"approach, draw near",挨拶,あいさつ,"greet, greeting",1740
⻏,,部,"section, bureau",全部,ぜんぶ,"all, wholly",162
⻏,,部,"section, bureau",部屋,へや,room,166
⻏,,部,"section, bureau",一部,いちぶ,part,605
⻏,,部,"section, bureau",部分,ぶぶん,"part, section",606
⻏,,邪,"wicked, injustice",風邪,かぜ,cold (illness),370
⻏,,邪,"wicked, injustice",邪魔,じゃま,"obstacle, interruption",1719
⻏,,邪,"wicked, injustice",風邪薬,かぜぐすり,remedy for a cold,1720
⻏,,郵,"mail, stagecoach stop",郵便,ゆうびん,mail,695
⻏,,郵,"mail, stagecoach stop",郵便屋さん,ゆうびんやさん,mailman,697
⻏,,郵,"mail, stagecoach stop",郵便局,ゆうびんきょく,post office,698
⻏,,都,"metropolis, capital",都市,とし,"city, urban community",713
⻏,,都,"metropolis, capital",都合,つごう,circumstances,714
⻏,,都,"metropolis, capital",首都,しゅと,capital,1162
⻏,,響,"echo, sound",影響,えいきょう,"influence, effect",1258
⻏,,廊,"corridor, hall",廊下,ろうか,"hallway, corridor",1747
至,"climax, arrive",屋,"roof, house",部屋,へや,room,166
至,"climax, arrive",屋,"roof, house",本屋,ほんや,"bookstore, bookseller",629
至,"climax, arrive",屋,"roof, house",八百屋,やおや,"vegetable store, greengrocer",630
至,"climax, arrive",屋,"roof, house",そば屋,そばや,soba restaurant,631
至,"climax, arrive",屋,"roof, house",たばこ屋,たばこや,"cigarette shop, tobacco store",632
至,"climax, arrive",屋,"roof, house",郵便屋さん,ゆうびんやさん,mailman,697
至,"climax, arrive",屋,"roof, house",不動産屋,ふどうさんや,"real estate agent, realtor",911
至,"climax, arrive",屋,"roof, house",屋根,やね,roof,1470
至,"climax, arrive",屋,"roof, house",床屋,とこや,"barber, barbershop",1687
至,"climax, arrive",屋,"roof, house",風呂屋,ふろや,"bathhouse, public bath",1721
至,"climax, arrive",室,"room, apartment",教室,きょうしつ,"classroom, class",1001
至,"climax, arrive",室,"room, apartment",図書室,としょしつ,library room,1002
至,"climax, arrive",室,"room, apartment",事務室,じむしつ,office,1180
至,"climax, arrive",倒,"overthrow, fall",倒れる,たおれる,"fall down, succumb (to)",1534
至,"climax, arrive",倒,"overthrow, fall",倒す,たおす,"knock down, overthrow, defeat",1535
至,"climax, arrive",握,"grip, hold",握る,にぎる,"grasp, to press into shape (onigiri, sushi)",1655
至,"climax, arrive",握,"grip, hold",握手,あくしゅ,"handshake, handshaking",1656
至,"climax, arrive",姪,niece,姪,めい,niece,1761
火,fire,秋,autumn,秋,あき,"autumn, fall",177
火,fire,煙,smoke,禁煙,きんえん,"no smoking, giving up smoking",1066
火,fire,煙,smoke,煙草,たばこ,"tobacco, cigarette",1648
火,fire,談,"discuss, talk",会談,かいだん,"conference, talk",1137
火,fire,談,"discuss, talk",相談,そうだん,"consultation, advice",1138
火,fire,談,"discuss, talk",冗談,じょうだん,joke,1662
火,fire,燃,"burn, blaze",燃える,もえる,burn が,1452
火,fire,焼,"bake, burning",焼ける,やける,"burn, be grilled, be baked が",1453
火,fire,焼,"bake, burning",焼く,やく,"burn (st), grill, bake を",1454
火,fire,焼,"bake, burning",すき焼き,すきやき,sukiyaki,1986
火,fire,畑,"farm, field",畑,はたけ,"field, farm, garden",1594
火,fire,炊,"cook, boil",炊く,たく,cook (by boiling),1595
火,fire,炊,"cook, boil",自炊,じすい,cooking for oneself,1596
火,fire,灰,"ashes, puckery juice",灰皿,はいざら,ashtray,1597
火,fire,灰,"ashes, puckery juice",灰,はい,ashes,1598
火,fire,灰,"ashes, puckery juice",灰色,はいいろ,"ash color, gray",1599
九,nine,熱,"heat, temperature",熱い,あつい,"hot (things, touch)",181
九,nine,熱,"heat, temperature",熱,ねつ,"fever, heat",668
九,nine,究,"research, study",研究,けんきゅう,"research, study",778
九,nine,雑,miscellaneous,複雑,ふくざつ,"complicated, intricate",782
九,nine,雑,miscellaneous,雑誌,ざっし,"magazine, journal",945
九,nine,酔,"drunk, feel sick",酔っ払い,よっぱらい,drunk person,1067
九,nine,酔,"drunk, feel sick",酔っ払う,よっぱらう,get drunk,1068
九,nine,丸,"round, full (month)",丸い,まるい,round,1547
九,nine,丸,"round, full (month)",丸,まる,"circle, wholeness",1548
九,nine,勢,"forces, energy",大勢,おおぜい,"many (people), a crowd",1556
九,nine,勢,"forces, energy",姿勢,しせい,"posture, attitude",1558
井,"well, well crib",寒,cold,寒い,さむい,cold (temperature of the air),182
井,"well, well crib",寒,cold,寒さ,さむさ,"coldness, cold",669
井,"well, well crib",港,harbor,空港,くうこう,airport,1107
井,"well, well crib",港,harbor,港,みなと,"port, harbor",1108
井,"well, well crib",異,"uncommon, different",異なる,ことなる,differ,1122
辛,"spicy, bitter",新,new,新しい,あたらしい,new,184
辛,"spicy, bitter",新,new,新聞,しんぶん,newspaper,682
辛,"spicy, bitter",新,new,新年,しんねん,New Year,683
辛,"spicy, bitter",新,new,新幹線,しんかんせん,"Shinkansen, Bullet Train",1459
辛,"spicy, bitter",親,"parent, intimacy",親,おや,parent,272
辛,"spicy, bitter",親,"parent, intimacy",親しい,したしい,"intimate, close",1004
辛,"spicy, bitter",親,"parent, intimacy",親切,しんせつ,"kind, friendly",1005
辛,"spicy, bitter",親,"parent, intimacy",不親切,ふしんせつ,"unkind, inattentive",1006
辛,"spicy, bitter",親,"parent, intimacy",両親,りょうしん,parents,1332
辛,"spicy, bitter",報,"report, news",情報,じょうほう,information,680
辛,"spicy, bitter",報,"report, news",報告,ほうこく,report,681
辛,"spicy, bitter",報,"report, news",天気予報,てんきよほう,weather forecast,863
辛,"spicy, bitter",辞,"resign, word",辞める,やめる,"resign, retire",1175
辛,"spicy, bitter",辞,"resign, word",辞書,じしょ,dictionary,1176
辛,"spicy, bitter",辞,"resign, word",お辞儀,おじぎ,"bow, bowing",1617
辛,"spicy, bitter",幸,"happiness, blessing",不幸,ふこう,"unhappiness, misfortune, a death",1378
辛,"spicy, bitter",幸,"happiness, blessing",幸せ,しあわせ,"happiness, good fortune",1379
辛,"spicy, bitter",壁,"wall, lining (stomach)",壁,かべ,"wall, partition",1545
亡,"deceased, the late",忘,forget,忘れる,わすれる,"forget, leave behind",190
亡,"deceased, the late",忘,forget,忘れ物,わすれもの,"something left behind, lost item",721
亡,"deceased, the late",忙,"busy, occupied",忙しい,いそがしい,"busy, occupied",1064
ユ,,決,"decide, fix",決める,きめる,"decide, agree upon",192
ユ,,決,"decide, fix",決まる,きまる,be decided,193
ユ,,決,"decide, fix",解決,かいけつ,"solution, settlement",690
ユ,,決,"decide, fix",決定,けってい,decision,858
ユ,,候,"climate, season",候補,こうほ,"candidate, candidacy",1160
牛,cow,物,"thing, object",食べ物,たべもの,food,198
牛,cow,物,"thing, object",飲み物,のみもの,"beverage, drink",200
牛,cow,物,"thing, object",買い物,かいもの,"shopping, purchase",716
牛,cow,物,"thing, object",荷物,にもつ,"baggage, package",717
牛,cow,物,"thing, object",品物,しなもの,"article, thing",718
牛,cow,物,"thing, object",見物,けんぶつ,"sightseeing, looking around",719
牛,cow,物,"thing, object",物,もの,"thing, object",720
牛,cow,物,"thing, object",忘れ物,わすれもの,"something left behind, lost item",721
牛,cow,物,"thing, object",乗り物,のりもの,"vehicle, means of transportation",879
牛,cow,物,"thing, object",着物,きもの,"kimono, clothes",884
牛,cow,物,"thing, object",動物,どうぶつ,animal,909
牛,cow,物,"thing, object",果物,くだもの,fruit,1017
牛,cow,物,"thing, object",動物園,どうぶつえん,zoo,1099
牛,cow,物,"thing, object",建物,たてもの,"building, structure",1279
牛,cow,物,"thing, object",贈り物,おくりもの,"present, gift (和語)",1444
牛,cow,物,"thing, object",博物館,はくぶつかん,museum,1509
牛,cow,解,"unravel, notes",解決,かいけつ,"solution, settlement",690
牛,cow,制,"system, law",制度,せいど,"system, organization",766
牛,cow,株,"stocks, stump",株,かぶ,"stocks, shares",805
牛,cow,製,"made in..., manufacture",製造,せいぞう,"production, manufacture",815
牛,cow,特,special,特に,とくに,"specially, particularly",1040
牛,cow,特,special,特急,とっきゅう,limited express (train),1041
牛,cow,特,special,特別,とくべつ,"special, extraordinary",1042
牛,cow,特,special,特徴,とくちょう,distinguishing characteristic,1511
牛,cow,件,"affair, case",事件,じけん,"event, incident, case",1192
牛,cow,件,"affair, case",条件,じょうけん,"condition, terms",1193
里,"ri, village",重,"heavy, important",重い,おもい,"heavy, serious (illness)",201
里,"ri, village",重,"heavy, important",重さ,おもさ,weight,722
里,"ri, village",重,"heavy, important",重要,じゅうよう,"important, essential",818
里,"ri, village",動,"move, motion",動く,うごく,move (が),239
里,"ri, village",動,"move, motion",動き,うごき,"movement, motion",905
里,"ri, village",動,"move, motion",運動,うんどう,"exercise, movement",906
里,"ri, village",動,"move, motion",活動,かつどう,activity,908
里,"ri, village",動,"move, motion",動物,どうぶつ,animal,909
里,"ri, village",動,"move, motion",動かす,うごかす,"move (something), operate",910
里,"ri, village",動,"move, motion",不動産屋,ふどうさんや,"real estate agent, realtor",911
里,"ri, village",動,"move, motion",自動車,じどうしゃ,automobile,1021
里,"ri, village",動,"move, motion",動物園,どうぶつえん,zoo,1099
里,"ri, village",黒,black,黒い,くろい,black<div><br /></div>,616
里,"ri, village",黒,black,黒,くろ,black,617
里,"ri, village",黒,black,真っ黒,まっくろ,"deep-black, jet-black",966
里,"ri, village",黒,black,黒板,こくばん,blackboard,1471
里,"ri, village",野,"plains, field",分野,ぶんや,"field, sphere",627
里,"ri, village",野,"plains, field",野菜,やさい,vegetable,628
里,"ri, village",野,"plains, field",野球,やきゅう,baseball,1264
里,"ri, village",理,"logic, arrangement",料理,りょうり,"cooking;<br>handling, management",638
里,"ri, village",理,"logic, arrangement",無理,むり,"unreasonable, impossible, forced",639
里,"ri, village",理,"logic, arrangement",理由,りゆう,"reason, cause",1025
里,"ri, village",理,"logic, arrangement",理科,りか,science,1062
里,"ri, village",理,"logic, arrangement",修理,しゅうり,"repair, mending",1204
里,"ri, village",理,"logic, arrangement",管理,かんり,"management, administration",1219
里,"ri, village",理,"logic, arrangement",処理,しょり,"processing,&nbsp;management<div>(unlike 加工, a new thing is not created)</div>",1410
里,"ri, village",種,"species, kind",種類,しゅるい,"kind, variety, species",972
里,"ri, village",裏,"back, amidst",裏,うら,"rear, reverse (side), inside",1339
里,"ri, village",裏,"back, amidst",裏返す,うらがえす,"turn over, turn inside out",1341
父,father,校,"exam, school",学校,がっこう,school,214
父,father,校,"exam, school",高校生,こうこうせい,high school student,215
父,father,校,"exam, school",高校,こうこう,high school,755
父,father,校,"exam, school",小学校,しょうがっこう,elementary school,756
父,father,校,"exam, school",中学校,ちゅうがっこう,middle school,757
父,father,校,"exam, school",校長,こうちょう,principal,758
父,father,校,"exam, school",休校,きゅうこう,temporary school closure,760
父,father,校,"exam, school",高等学校,こうとうがっこう,senior high school,1051
父,father,交,"mingle, mixing",交通事故,こうつうじこ,traffic accident,575
父,father,交,"mingle, mixing",交通費,こうつうひ,"traveling expense, transportation cost",646
父,father,交,"mingle, mixing",交番,こうばん,police box,699
父,father,交,"mingle, mixing",交差点,こうさてん,"intersection, crossing",825
父,father,交,"mingle, mixing",交渉,こうしょう,"negotiation, bargaining",1191
父,father,効,"merit, efficacy",効果,こうか,"effect, result",1020
虫,"insect, bug",強,strong,勉強,べんきょう,study,217
虫,"insect, bug",強,strong,強い,つよい,strong,218
虫,"insect, bug",強,strong,強さ,つよさ,"strength, power",767
虫,"insect, bug",強,strong,強化,きょうか,strengthening,873
虫,"insect, bug",強,strong,強調,きょうちょう,"emphasis, stress",1126
虫,"insect, bug",触,"contact, touch",触る,さわる,"touch, feel",357
虫,"insect, bug",風,"wind, air",風邪,かぜ,cold (illness),370
虫,"insect, bug",風,"wind, air",風,かぜ,wind,676
虫,"insect, bug",風,"wind, air",台風,たいふう,typhoon,677
虫,"insect, bug",風,"wind, air",扇風機,せんぷうき,electric fan,1610
虫,"insect, bug",風,"wind, air",風邪薬,かぜぐすり,remedy for a cold,1720
虫,"insect, bug",風,"wind, air",風呂屋,ふろや,"bathhouse, public bath",1721
虫,"insect, bug",風,"wind, air",風呂,ふろ,bath,1722
虫,"insect, bug",独,"single, alone",独身,どくしん,"single, unmarried",1408
虫,"insect, bug",騒,"boisterous, make noise",騒ぐ,さわぐ,"make a racket, mess around, make a fuss",1528
虫,"insect, bug",蚊,mosquito,蚊,か,mosquito,1738
西,"west, spain",要,"need, main point",要る,いる,"need, require",228
西,"west, spain",要,"need, main point",必要,ひつよう,"need, necessity",817
西,"west, spain",要,"need, main point",重要,じゅうよう,"important, essential",818
西,"west, spain",要,"need, main point",要求,ようきゅう,"requirement, demand",819
西,"west, spain",腰,"loins, hips",腰,こし,"hip, lower back",347
西,"west, spain",価,"value, price",価格,かかく,"price, cost (formal)",662
西,"west, spain",価,"value, price",評価,ひょうか,"evaluation, rating",1201
西,"west, spain",煙,smoke,禁煙,きんえん,"no smoking, giving up smoking",1066
西,"west, spain",煙,smoke,煙草,たばこ,"tobacco, cigarette",1648
世,"generation, world",喋,"talk, chat",喋る,しゃべる,"chat, talk",238
世,"generation, world",葉,"leaf, plane",言葉,ことば,"word, language",343
世,"generation, world",葉,"leaf, plane",葉,は,leaf,1475
世,"generation, world",葉,"leaf, plane",絵葉書,えはがき,picture postcard,1476
谷,valley,欲,"longing, covetousness",欲しい,ほしい,"want, desire",253
谷,valley,欲,"longing, covetousness",欲しがる,ほしがる,want&nbsp;(describing sb else),954
谷,valley,浴,"bathe, be favored with",浴びる,あびる,take a shower,359
谷,valley,容,"contain, form",内容,ないよう,contents,1485
谷,valley,容,"contain, form",美容院,びよういん,hair salon,1507
韋,tanned leather radical (no. 178),違,"difference, differ",違う,ちがう,"differ, be wrong",262
韋,tanned leather radical (no. 178),違,"difference, differ",間違い,まちがい,"mistake, error",987
韋,tanned leather radical (no. 178),違,"difference, differ",間違える,まちがえる,"make a mistake (in something), confuse (を)",988
韋,tanned leather radical (no. 178),違,"difference, differ",間違う,まちがう,"be mistaken, be incorrect",989
韋,tanned leather radical (no. 178),偉,"admirable, greatness",偉い,えらい,"great, famous, eminent",1564
斗,"big dipper, ten sho (vol)",図,"map, drawing",図書館,としょかん,library,263
斗,"big dipper, ten sho (vol)",図,"map, drawing",地図,ちず,"map, atlas",581
斗,"big dipper, ten sho (vol)",図,"map, drawing",図書室,としょしつ,library room,1002
斗,"big dipper, ten sho (vol)",料,"fee, materials",料理,りょうり,"cooking;<br>handling, management",638
斗,"big dipper, ten sho (vol)",料,"fee, materials",材料,ざいりょう,"ingredients, material",1083
斗,"big dipper, ten sho (vol)",料,"fee, materials",給料,きゅうりょう,"salary, pay",1186
斗,"big dipper, ten sho (vol)",科,"department, course",科学,かがく,science,1060
斗,"big dipper, ten sho (vol)",科,"department, course",教科書,きょうかしょ,"textbook, schoolbook",1061
斗,"big dipper, ten sho (vol)",科,"department, course",理科,りか,science,1062
毋,"do not, must not",母,mother,お母さん,おかあさん,mother,270
毋,"do not, must not",母,mother,母,はは,(speaker's) mother,271
毋,"do not, must not",母,mother,お祖母さん,おばあさん,grandmother,1715
毋,"do not, must not",母,mother,祖母,そぼ,grandmother,1718
毋,"do not, must not",海,"sea, ocean",海外,かいがい,"overseas, abroad",446
毋,"do not, must not",海,"sea, ocean",海,うみ,"sea, ocean",448
毋,"do not, must not",海,"sea, ocean",海岸,かいがん,"coast, seashore",1461
毋,"do not, must not",毎,every,毎日,まいにち,every day,449
毋,"do not, must not",毎,every,毎年,まいとし,every year (less formal),450
毋,"do not, must not",毎,every,毎週,まいしゅう,every week,452
毋,"do not, must not",毎,every,毎月,まいつき,every month,453
毋,"do not, must not",毎,every,毎朝,まいあさ,every morning,520
毋,"do not, must not",毎,every,毎晩,まいばん,every evening,526
毋,"do not, must not",毎,every,毎年,まいねん,every year (more formal),1820
毋,"do not, must not",慣,"accustomed, get used to",慣れる,なれる,grow accustomed to,776
毋,"do not, must not",慣,"accustomed, get used to",習慣,しゅうかん,"custom, habit",777
毋,"do not, must not",梅,plum,梅雨,つゆ,rainy season,1727
毋,"do not, must not",苺,strawberry,苺,いちご,strawberry,1762
皮,"pelt, skin",彼,"he, that",彼女,かのじょ,"she, one's girlfriend",283
皮,"pelt, skin",彼,"he, that",彼,かれ,"he, one's boyfriend",284
皮,"pelt, skin",彼,"he, that",彼ら,かれら,they,1013
皮,"pelt, skin",疲,"exhausted, tire",疲れる,つかれる,"get tired, become fatigued",1065
皮,"pelt, skin",被,"incur, cover",被る,かぶる,put on (a hat),1210
皮,"pelt, skin",破,"rend, rip",破る,やぶる,"tear (st), break (through) （~を）",1211
皮,"pelt, skin",破,"rend, rip",破れる,やぶれる,"(st) rips, gets torn",1212
疒,"trailing sickness, sick radical (no. 104)",病,"ill, sick",病気,びょうき,illness,291
疒,"trailing sickness, sick radical (no. 104)",病,"ill, sick",病院,びょういん,hospital,1052
疒,"trailing sickness, sick radical (no. 104)",痛,"pain, hurt",痛い,いたい,painful,293
疒,"trailing sickness, sick radical (no. 104)",疲,"exhausted, tire",疲れる,つかれる,"get tired, become fatigued",1065
疒,"trailing sickness, sick radical (no. 104)",痩,get thin,痩せる,やせる,"lose weight, become thin",1765
歹,"bare bone, bad",死,"death, die",死ぬ,しぬ,die,292
歹,"bare bone, bad",残,"remainder, leftover",残る,のこる,"remain, be left over",829
歹,"bare bone, bad",残,"remainder, leftover",残す,のこす,"leave, reserve, leave undone",830
歹,"bare bone, bad",残,"remainder, leftover",残念,ざんねん,"regretful, disappointing",1364
歹,"bare bone, bad",例,"example, custom",例えば,たとえば,for example,1365
歹,"bare bone, bad",例,"example, custom",例文,れいぶん,example sentence,1366
歹,"bare bone, bad",例,"example, custom",例,れい,"example, precedent",1367
用,"utilize, business",痛,"pain, hurt",痛い,いたい,painful,293
用,"utilize, business",通,"traffic, pass through",通り,とおり,"boulevard, street",572
用,"utilize, business",通,"traffic, pass through",通る,とおる,"pass, take (a road), go through",573
用,"utilize, business",通,"traffic, pass through",通う,かよう,"go (a place) often, go to and from",574
用,"utilize, business",通,"traffic, pass through",交通事故,こうつうじこ,traffic accident,575
用,"utilize, business",通,"traffic, pass through",交通費,こうつうひ,"traveling expense, transportation cost",646
用,"utilize, business",通,"traffic, pass through",通学,つうがく,going to school,754
用,"utilize, business",通,"traffic, pass through",通過,つうか,"passing, passage",925
用,"utilize, business",通,"traffic, pass through",普通,ふつう,"normal, regular",1047
用,"utilize, business",通,"traffic, pass through",通常,つうじょう,"common, ordinary",1123
用,"utilize, business",通,"traffic, pass through",通勤,つうきん,commute,1177
用,"utilize, business",備,"equip, provision",備える,そなえる,"prepare for (disaster), equip (st) with",1089
用,"utilize, business",備,"equip, provision",準備,じゅんび,"prepare for, ready for",1090
用,"utilize, business",補,"supplement, supply",候補,こうほ,"candidate, candidacy",1160
用,"utilize, business",捕,"catch, capture",逮捕,たいほ,"arrest, capture",1222
用,"utilize, business",踊,"jump, dance",踊る,おどる,dance,1702
用,"utilize, business",踊,"jump, dance",踊り,おどり,"dance, dancing",1703
マ,,痛,"pain, hurt",痛い,いたい,painful,293
マ,,通,"traffic, pass through",通り,とおり,"boulevard, street",572
マ,,通,"traffic, pass through",通る,とおる,"pass, take (a road), go through",573
マ,,通,"traffic, pass through",通う,かよう,"go (a place) often, go to and from",574
マ,,通,"traffic, pass through",交通事故,こうつうじこ,traffic accident,575
マ,,通,"traffic, pass through",交通費,こうつうひ,"traveling expense, transportation cost",646
マ,,通,"traffic, pass through",通学,つうがく,going to school,754
マ,,通,"traffic, pass through",通過,つうか,"passing, passage",925
マ,,通,"traffic, pass through",普通,ふつう,"normal, regular",1047
マ,,通,"traffic, pass through",通常,つうじょう,"common, ordinary",1123
マ,,通,"traffic, pass through",通勤,つうきん,commute,1177
マ,,予,"beforehand, previous",予定,よてい,"schedule, plan",862
マ,,予,"beforehand, previous",天気予報,てんきよほう,weather forecast,863
マ,,予,"beforehand, previous",予習,よしゅう,preparation for class,865
マ,,予,"beforehand, previous",予約,よやく,"reservation, subscription, appointment",866
マ,,預,"deposit, custody",預ける,あずける,"deposit, entrust",1448
マ,,預,"deposit, custody",預かる,あずかる,keep (st) for (sb); take care of (st),1449
マ,,柔,"tender, weakness",柔道,じゅうどう,judo,1538
マ,,柔,"tender, weakness",柔らかい,やわらかい,soft,1539
マ,,柔,"tender, weakness",柔らか,やわらか,"soft, tender, gentle",1540
マ,,踊,"jump, dance",踊る,おどる,dance,1702
マ,,踊,"jump, dance",踊り,おどり,"dance, dancing",1703
酉,"west, bird",酒,"sake, alcohol",酒,さけ,"alcoholic drink, Japanese rice wine",294
酉,"west, bird",酸,"acid, bitterness",酸っぱい,すっぱい,sour,342
酉,"west, bird",配,"distribute, spouse",配る,くばる,"hand out, distribute",723
酉,"west, bird",配,"distribute, spouse",配達,はいたつ,delivery,724
酉,"west, bird",配,"distribute, spouse",心配,しんぱい,"anxiety, worry, assistance",725
酉,"west, bird",酔,"drunk, feel sick",酔っ払い,よっぱらい,drunk person,1067
酉,"west, bird",酔,"drunk, feel sick",酔っ払う,よっぱらう,get drunk,1068
酉,"west, bird",尊,"revered, valuable",尊敬,そんけい,"respect, honor",1695
酉,"west, bird",醤,a kind of miso,醤油,しょうゆ,soy sauce,1768
⺭,,杯,"counter for cupfuls, wine glass",一杯,いっぱい,full,296
⺭,,杯,"counter for cupfuls, wine glass",乾杯,かんぱい,a toast,1457
⺭,,神,"gods, mind",神,かみ,"god, spirit",313
⺭,,神,"gods, mind",神社,じんじゃ,Shinto shrine,1271
⺭,,社,"company, firm",会社,かいしゃ,"company, corporation",557
⺭,,社,"company, firm",社会,しゃかい,society,558
⺭,,社,"company, firm",社員,しゃいん,"staff member, employee",559
⺭,,社,"company, firm",社長,しゃちょう,president (of a company),595
⺭,,社,"company, firm",神社,じんじゃ,Shinto shrine,1271
⺭,,礼,"salute, bow",失礼,しつれい,"impoliteness, bad manners, I beg your parden/Goodbye",1397
⺭,,礼,"salute, bow",お礼,おれい,"thanks, reward, return present",1399
⺭,,祝,"celebrate, congratulate",祝日,しゅくじつ,"holiday, festival day",1426
⺭,,祝,"celebrate, congratulate",お祝い,おいわい,celebrate,1427
⺭,,祖,"ancestor, pioneer",お祖父さん,おじいさん,grandfather,1714
⺭,,祖,"ancestor, pioneer",お祖母さん,おばあさん,grandmother,1715
⺭,,祖,"ancestor, pioneer",祖父,そふ,grandfather,1717
⺭,,祖,"ancestor, pioneer",祖母,そぼ,grandmother,1718
彡,"three, hair ornament",顔,"face, expression",顔,かお,face,304
彡,"three, hair ornament",髪,hair of the head,髪の毛,かみのけ,hair,361
彡,"three, hair ornament",髪,hair of the head,髪,かみ,"hair, hairstyle",1603
彡,"three, hair ornament",形,"shape, form",人形,にんぎょう,doll,969
彡,"three, hair ornament",形,"shape, form",形,かたち,"shape, form",970
彡,"three, hair ornament",参,"nonplussed, three (in documents)",参加,さんか,"participation, taking part in",1195
彡,"three, hair ornament",参,"nonplussed, three (in documents)",人参,にんじん,carrot,1677
彡,"three, hair ornament",修,"discipline, conduct oneself well",修理,しゅうり,"repair, mending",1204
彡,"three, hair ornament",影,"shadow, silhouette",影響,えいきょう,"influence, effect",1258
彡,"three, hair ornament",珍,"rare, curious",珍しい,めずらしい,"unusual, rare, strange",1492
廴,long stride or stretching radical (no. 54),建,build,建てる,たてる,"build, erect",315
廴,long stride or stretching radical (no. 54),建,build,建設,けんせつ,"construction, establishment",1278
廴,long stride or stretching radical (no. 54),建,build,建物,たてもの,"building, structure",1279
廴,long stride or stretching radical (no. 54),建,build,建つ,たつ,"be built, be erected",1280
廴,long stride or stretching radical (no. 54),乏,"destitution, scarce",貧乏,びんぼう,"poor, poverty",1377
廴,long stride or stretching radical (no. 54),誕,"nativity, be born",誕生日,たんじょうび,birthday,1425
廴,long stride or stretching radical (no. 54),庭,"courtyard, garden",家庭,かてい,"home, family",1462
廴,long stride or stretching radical (no. 54),庭,"courtyard, garden",庭,にわ,"garden, court",1463
廴,long stride or stretching radical (no. 54),健,"healthy, health",健康,けんこう,healthy,1491
廴,long stride or stretching radical (no. 54),鍵,key,鍵,かぎ,"key, lock",1574
隶,"extend, give",緑,green,緑,みどり,"green, foliage",320
隶,"extend, give",緑,green,緑色,みどりいろ,green,1306
隶,"extend, give",録,record,記録,きろく,"record, documentation",1140
隶,"extend, give",録,record,録音,ろくおん,audio recording,1141
隶,"extend, give",逮,"apprehend, chase",逮捕,たいほ,"arrest, capture",1222
隶,"extend, give",康,"ease, peace",健康,けんこう,healthy,1491
戸,"door, counter for houses",戻,"re-, return",戻る,もどる,"return, turn back",323
戸,"door, counter for houses",肩,shoulder,肩,かた,shoulder,362
戸,"door, counter for houses",所,"place, extent",場所,ばしょ,"place, space",702
戸,"door, counter for houses",所,"place, extent",近所,きんじょ,neighborhood,703
戸,"door, counter for houses",所,"place, extent",台所,だいどころ,kitchen,704
戸,"door, counter for houses",所,"place, extent",住所,じゅうしょ,"address, one's dwelling",705
戸,"door, counter for houses",所,"place, extent",便所,べんじょ,"bathroom, lavatory",706
戸,"door, counter for houses",所,"place, extent",事務所,じむしょ,"office, one's place of business",1179
戸,"door, counter for houses",所,"place, extent",洗面所,せんめんじょ,"washroom, bathroom",1242
戸,"door, counter for houses",所,"place, extent",停留所,ていりゅうじょ,"stop, station",1316
戸,"door, counter for houses",房,"tassel, tuft",冷房,れいぼう,air conditioning,1302
戸,"door, counter for houses",房,"tassel, tuft",暖房,だんぼう,heating,1303
戸,"door, counter for houses",房,"tassel, tuft",文房具,ぶんぼうぐ,"stationery, writing materials",1304
戸,"door, counter for houses",涙,"tears, sympathy",涙,なみだ,tear,1430
戸,"door, counter for houses",扇,"fan, folding fan",扇風機,せんぷうき,electric fan,1610
走,run,起,"rouse, wake up",起きる,おきる,"get up, get out of bed",325
走,run,起,"rouse, wake up",起こる,おこる,happen,326
走,run,起,"rouse, wake up",起こす,おこす,wake up (someone),327
走,run,起,"rouse, wake up",起きる,おきる,occur,328
走,run,起,"rouse, wake up",早起き,はやおき,early rising,1324
走,run,徒,"on foot, junior",生徒,せいと,"pupil, student",748
走,run,趣,"purport, gist",趣味,しゅみ,"hobby, interest",1329
走,run,越,"surpass, cross over",引っ越す,ひっこす,move (houses),1391
走,run,越,"surpass, cross over",越える,こえる,"go over, go across, go beyond",1392
走,run,越,"surpass, cross over",引っ越し,ひっこし,moving (houses),1393
走,run,越,"surpass, cross over",追い越す,おいこす,"pass, outdo",1394
爿,left-side kata radical (no. 90),寝,"lie down, sleep",寝る,ねる,"sleep, go to sleep",329
爿,left-side kata radical (no. 90),寝,"lie down, sleep",昼寝,ひるね,nap,1325
爿,left-side kata radical (no. 90),寝,"lie down, sleep",寝坊,ねぼう,"oversleeping,&nbsp;late riser",1619
爿,left-side kata radical (no. 90),背,"stature, height",背,せ,"height, stature",348
爿,left-side kata radical (no. 90),背,"stature, height",背景,はいけい,"background, scenery, setting",1486
爿,left-side kata radical (no. 90),北,north,北,きた,north,490
爿,left-side kata radical (no. 90),状,"status quo, conditions",状況,じょうきょう,"situation, conditions&nbsp;",1147
爿,left-side kata radical (no. 90),状,"status quo, conditions",状態,じょうたい,"state, appearance (of a thing)",1149
爿,left-side kata radical (no. 90),状,"status quo, conditions",年賀状,ねんがじょう,New Year's card,1736
爿,left-side kata radical (no. 90),装,"attire, dress",装置,そうち,"equipment, device",1499
爿,left-side kata radical (no. 90),醤,a kind of miso,醤油,しょうゆ,soy sauce,1768
凵,"open box enclosure, open box radical (no. 17)",胸,"bosom, breast",胸,むね,chest,346
凵,"open box enclosure, open box radical (no. 17)",度,"degrees, occurrence",年度,ねんど,"fiscal year, school year",589
凵,"open box enclosure, open box radical (no. 17)",度,"degrees, occurrence",今度,こんど,"this time, next time",590
凵,"open box enclosure, open box radical (no. 17)",度,"degrees, occurrence",何度,なんど,"how many degrees, how many times",592
凵,"open box enclosure, open box radical (no. 17)",度,"degrees, occurrence",温度,おんど,temperature,673
凵,"open box enclosure, open box radical (no. 17)",度,"degrees, occurrence",制度,せいど,"system, organization",766
凵,"open box enclosure, open box radical (no. 17)",度,"degrees, occurrence",程度,ていど,"degree, extent",1402
凵,"open box enclosure, open box radical (no. 17)",席,"seat, mat",出席,しゅっせき,"attendance, presence",893
凵,"open box enclosure, open box radical (no. 17)",席,"seat, mat",席,せき,"seat, one's place",895
凵,"open box enclosure, open box radical (no. 17)",席,"seat, mat",欠席,けっせき,"absence, non-attendance",896
凵,"open box enclosure, open box radical (no. 17)",画,"brush-stroke, picture",計画,けいかく,"plan, project",955
凵,"open box enclosure, open box radical (no. 17)",画,"brush-stroke, picture",映画,えいが,movie,956
凵,"open box enclosure, open box radical (no. 17)",画,"brush-stroke, picture",映画館,えいがかん,movie theater,996
凵,"open box enclosure, open box radical (no. 17)",歯,"tooth, cog",歯医者,はいしゃ,dentist,1057
凵,"open box enclosure, open box radical (no. 17)",歯,"tooth, cog",歯,は,"tooth, cog",1058
凵,"open box enclosure, open box radical (no. 17)",歯,"tooth, cog",歯ブラシ,はぶらし,toothbrush,1059
凵,"open box enclosure, open box radical (no. 17)",歯,"tooth, cog",歯磨き,はみがき,"toothpaste, brushing one's teeth",1746
凵,"open box enclosure, open box radical (no. 17)",揺,"swing, shake",揺れる,ゆれる,"shake, sway, rock",1270
凵,"open box enclosure, open box radical (no. 17)",離,"detach, separation",離婚,りこん,divorce,1286
凵,"open box enclosure, open box radical (no. 17)",缶,"tin can, container",缶詰,かんづめ,canned goods,1681
凵,"open box enclosure, open box radical (no. 17)",缶,"tin can, container",缶,かん,"can, tin",1683
耒,"come, plough",業,"business, vocation",授業,じゅぎょう,"class, lesson",353
耒,"come, plough",業,"business, vocation",企業,きぎょう,"business, corporation",806
耒,"come, plough",業,"business, vocation",作業,さぎょう,"work, operation",807
耒,"come, plough",業,"business, vocation",産業,さんぎょう,industry,808
耒,"come, plough",業,"business, vocation",工業,こうぎょう,manufacturing industry,809
耒,"come, plough",業,"business, vocation",商業,しょうぎょう,"business, commerce",810
耒,"come, plough",業,"business, vocation",卒業,そつぎょう,graduation,1187
耒,"come, plough",業,"business, vocation",農業,のうぎょう,agriculture,1384
耒,"come, plough",業,"business, vocation",業者,ぎょうしゃ,business man,1907
耒,"come, plough",籍,"enroll, domiciliary register",国籍,こくせき,"citizenship, nationality",1421
⺨,,狭,"cramped, narrow",狭い,せまい,"narrow, restricted",356
⺨,,独,"single, alone",独身,どくしん,"single, unmarried",1408
⺨,,猫,cat,猫,ねこ,"cat, feline",1709
角,"angle, corner",触,"contact, touch",触る,さわる,"touch, feel",357
角,"angle, corner",解,"unravel, notes",解決,かいけつ,"solution, settlement",690
長,"long, leader",髪,hair of the head,髪の毛,かみのけ,hair,361
長,"long, leader",髪,hair of the head,髪,かみ,"hair, hairstyle",1603
長,"long, leader",張,"lengthen, counter for bows & stringed instruments",主張,しゅちょう,"argument, case, one's point",1541
長,"long, leader",張,"lengthen, counter for bows & stringed instruments",引っ張る,ひっぱる,"pull, drag",1542
長,"long, leader",張,"lengthen, counter for bows & stringed instruments",頑張る,がんばる,"persist, be tenacious",1675
長,"long, leader",帳,"notebook, account book",手帳,てちょう,"pocketbook, memo",1636
長,"long, leader",帳,"notebook, account book",電話帳,でんわちょう,telephone book,1637
母,mother,海,"sea, ocean",海外,かいがい,"overseas, abroad",446
母,mother,海,"sea, ocean",海,うみ,"sea, ocean",448
母,mother,海,"sea, ocean",海岸,かいがん,"coast, seashore",1461
母,mother,毎,every,毎日,まいにち,every day,449
母,mother,毎,every,毎年,まいとし,every year (less formal),450
母,mother,毎,every,毎週,まいしゅう,every week,452
母,mother,毎,every,毎月,まいつき,every month,453
母,mother,毎,every,毎朝,まいあさ,every morning,520
母,mother,毎,every,毎晩,まいばん,every evening,526
母,mother,毎,every,毎年,まいねん,every year (more formal),1820
母,mother,慣,"accustomed, get used to",慣れる,なれる,grow accustomed to,776
母,mother,慣,"accustomed, get used to",習慣,しゅうかん,"custom, habit",777
母,mother,梅,plum,梅雨,つゆ,rainy season,1727
母,mother,苺,strawberry,苺,いちご,strawberry,1762
⻂,,初,"first time, beginning",初めて,はじめて,"first, for the first time",506
⻂,,初,"first time, beginning",最初,さいしょ,"the beginning, first",507
⻂,,初,"first time, beginning",初め,はじめ,"beginning, start",508
⻂,,複,"duplicate, double",複雑,ふくざつ,"complicated, intricate",782
⻂,,補,"supplement, supply",候補,こうほ,"candidate, candidacy",1160
⻂,,被,"incur, cover",被る,かぶる,put on (a hat),1210
⻂,,袖,"sleeve, wing (building)",袖,そで,sleeve,1751
⻂,,袖,"sleeve, wing (building)",長袖,ながそで,clothes with long sleeves,1752
⻂,,袖,"sleeve, wing (building)",半袖,はんそで,short-sleeved shirt,1753
足,"leg, foot",路,"path, route",道路,どうろ,"road, street",579
足,"leg, foot",踊,"jump, dance",踊る,おどる,dance,1702
足,"leg, foot",踊,"jump, dance",踊り,おどり,"dance, dancing",1703
足,"leg, foot",踏,"step, trample",踏む,ふむ,"step on, tread on",1704
足,"leg, foot",踏,"step, trample",踏切,ふみきり,railroad crossing,1705
足,"leg, foot",蹴,kick,蹴る,ける,kick,1707
矛,"halberd, arms",野,"plains, field",分野,ぶんや,"field, sphere",627
矛,"halberd, arms",野,"plains, field",野菜,やさい,vegetable,628
矛,"halberd, arms",野,"plains, field",野球,やきゅう,baseball,1264
矛,"halberd, arms",務,"task, duties",事務所,じむしょ,"office, one's place of business",1179
矛,"halberd, arms",務,"task, duties",事務室,じむしつ,office,1180
矛,"halberd, arms",柔,"tender, weakness",柔道,じゅうどう,judo,1538
矛,"halberd, arms",柔,"tender, weakness",柔らかい,やわらかい,soft,1539
矛,"halberd, arms",柔,"tender, weakness",柔らか,やわらか,"soft, tender, gentle",1540
比,"compare, race",階,"storey, stair",二階,にかい,"second floor, upstairs",656
比,"compare, race",階,"storey, stair",段階,だんかい,"stage, step",658
比,"compare, race",階,"storey, stair",階段,かいだん,"steps, flight of stairs",659
比,"compare, race",批,"criticism, strike",批判,ひはん,"criticism, comment",1200
比,"compare, race",混,"mix, blend",混む,こむ,"be crowded, be congested",1226
比,"compare, race",皆,"all, everything",皆さん,みなさん,everybody (丁寧語),1417
比,"compare, race",皆,"all, everything",皆様,みなさま,everyone (敬語),1418
比,"compare, race",鹿,deer,馬鹿,ばか,"fool, nonsense",1754
殳,"pike, windy-again radical (no. 79)",段,"grade, steps",段階,だんかい,"stage, step",658
殳,"pike, windy-again radical (no. 79)",段,"grade, steps",階段,かいだん,"steps, flight of stairs",659
殳,"pike, windy-again radical (no. 79)",段,"grade, steps",段々,だんだん,"gradually, one after another",660
殳,"pike, windy-again radical (no. 79)",段,"grade, steps",値段,ねだん,price,661
殳,"pike, windy-again radical (no. 79)",投,"throw, discard",投げる,なげる,"throw, give up",740
殳,"pike, windy-again radical (no. 79)",投,"throw, discard",投資,とうし,investment,1116
殳,"pike, windy-again radical (no. 79)",役,"duty, war",役に立つ,やくにたつ,"be useful, be helpful",892
殳,"pike, windy-again radical (no. 79)",般,"carrier, carry",一般,いっぱん,"general, common",1045
殳,"pike, windy-again radical (no. 79)",設,"establishment, provision",設計,せっけい,"design, plan",1091
殳,"pike, windy-again radical (no. 79)",設,"establishment, provision",施設,しせつ,"facilities, institution",1092
殳,"pike, windy-again radical (no. 79)",設,"establishment, provision",設ける,もうける,"set up, establish, prepare",1093
殳,"pike, windy-again radical (no. 79)",設,"establishment, provision",建設,けんせつ,"construction, establishment",1278
殳,"pike, windy-again radical (no. 79)",殺,"kill, murder",殺す,ころす,"kill, smother",1221
殳,"pike, windy-again radical (no. 79)",撃,"beat, attack",攻撃,こうげき,"attack, criticism",1549
皿,"dish, a helping",温,warm,温度,おんど,temperature,673
皿,"dish, a helping",温,warm,気温,きおん,atmospheric temperature,674
皿,"dish, a helping",盗,"steal, rob",盗む,ぬすむ,"steal, rob",1220
皿,"dish, a helping",塩,salt,塩,しお,salt,1380
皿,"dish, a helping",塩,salt,塩辛い,しおからい,salty,1381
皿,"dish, a helping",血,blood,血,ち,blood,1484
皿,"dish, a helping",寧,"rather, preferably",丁寧,ていねい,"polite, courteous, careful",1666
⺖,,情,"feelings, emotion",事情,じじょう,"circumstances, conditions",678
⺖,,情,"feelings, emotion",情報,じょうほう,information,680
⺖,,性,"sex, gender",女性,じょせい,"female, woman (formal)",743
⺖,,慣,"accustomed, get used to",慣れる,なれる,grow accustomed to,776
⺖,,慣,"accustomed, get used to",習慣,しゅうかん,"custom, habit",777
⺖,,忙,"busy, occupied",忙しい,いそがしい,"busy, occupied",1064
⺖,,怖,"dreadful, be frightened",怖い,こわい,scary,1560
⺖,,怪,"suspicious, mystery",怪我,けが,injury,1668
⺖,,慢,"ridicule, laziness",我慢,がまん,"patience, self-restraint",1669
生,"life, genuine",性,"sex, gender",女性,じょせい,"female, woman (formal)",743
生,"life, genuine",産,"products, bear",生産,せいさん,production,744
生,"life, genuine",産,"products, bear",お土産,おみやげ,souvenir,745
生,"life, genuine",産,"products, bear",産業,さんぎょう,industry,808
生,"life, genuine",産,"products, bear",不動産屋,ふどうさんや,"real estate agent, realtor",911
生,"life, genuine",星,"star, spot",星,ほし,"star, planet, spot",1262
羽,"feathers, counter for birds, rabbits",習,learn,練習,れんしゅう,"practice, training",773
羽,"feathers, counter for birds, rabbits",習,learn,習う,ならう,"learn, practice",775
羽,"feathers, counter for birds, rabbits",習,learn,習慣,しゅうかん,"custom, habit",777
羽,"feathers, counter for birds, rabbits",習,learn,予習,よしゅう,preparation for class,865
羽,"feathers, counter for birds, rabbits",習,learn,自習,じしゅう,"self-study, self-teaching",1024
羽,"feathers, counter for birds, rabbits",習,learn,復習,ふくしゅう,review,1312
羽,"feathers, counter for birds, rabbits",扇,"fan, folding fan",扇風機,せんぷうき,electric fan,1610
石,stone,研,"polish, study of",研究,けんきゅう,"research, study",778
石,stone,確,"assurance, firm",確か,たしか,"for sure, for certain",1078
石,stone,確,"assurance, firm",確認,かくにん,confirmation,1079
石,stone,確,"assurance, firm",正確,せいかく,"accurate, precise",1118
石,stone,破,"rend, rip",破る,やぶる,"tear (st), break (through) （~を）",1211
石,stone,破,"rend, rip",破れる,やぶれる,"(st) rips, gets torn",1212
石,stone,砂,sand,砂糖,さとう,sugar,1382
石,stone,磨,"grind, polish",磨く,みがく,"polish, grind",1745
石,stone,磨,"grind, polish",歯磨き,はみがき,"toothpaste, brushing one's teeth",1746
弋,"piling, ceremony radical (no. 56)",試,"test, try",試験,しけん,"exam, test",779
弋,"piling, ceremony radical (no. 56)",貸,lend,貸す,かす,"lend, rent",834
弋,"piling, ceremony radical (no. 56)",貸,lend,貸し出す,かしだす,lend out<br>(used for businesses/banks),835
弋,"piling, ceremony radical (no. 56)",代,"substitute, change",時代,じだい,"age, era, antiquity",854
弋,"piling, ceremony radical (no. 56)",代,"substitute, change",代わる,かわる,"take (st/sb's) place, substitute for",855
弋,"piling, ceremony radical (no. 56)",代,"substitute, change",代える,かえる,"replace (O1を) with (O2に), substitute",856
弋,"piling, ceremony radical (no. 56)",代,"substitute, change",代表,だいひょう,representative,939
弋,"piling, ceremony radical (no. 56)",袋,"sack, bag",ビニール袋,ビニールぶくろ,plastic bag,952
弋,"piling, ceremony radical (no. 56)",袋,"sack, bag",手袋,てぶくろ,gloves,1626
弋,"piling, ceremony radical (no. 56)",袋,"sack, bag",袋,ふくろ,"bag, sack",1627
弋,"piling, ceremony radical (no. 56)",拭,"wipe, mop",拭く,ふく,"wipe, dry",1739
疋,"head, counter for animals",題,"topic, subject",問題,もんだい,"problem, question",780
疋,"head, counter for animals",題,"topic, subject",宿題,しゅくだい,homework,997
疋,"head, counter for animals",題,"topic, subject",課題,かだい,"task, problem",1018
疋,"head, counter for animals",定,"determine, fix",決定,けってい,decision,858
疋,"head, counter for animals",定,"determine, fix",一定,いってい,"constant, fixed",860
疋,"head, counter for animals",定,"determine, fix",定期券,ていきけん,commuter pass,861
疋,"head, counter for animals",定,"determine, fix",予定,よてい,"schedule, plan",862
疋,"head, counter for animals",提,"propose, take along",提供,ていきょう,"offer, provide",1129
疋,"head, counter for animals",提,"propose, take along",提案,ていあん,"proposition, proposal",1130
疋,"head, counter for animals",従,"accompany, obey",従来,じゅうらい,"former, old",1181
犬,dog,然,"sort of thing, so",当然,とうぜん,"naturally, of course",794
犬,dog,然,"sort of thing, so",全然,ぜんぜん,"(not) at all, totally (not)",795
犬,dog,然,"sort of thing, so",自然,しぜん,nature,1022
犬,dog,然,"sort of thing, so",自然,しぜん,"natural, naturally",1023
犬,dog,状,"status quo, conditions",状況,じょうきょう,"situation, conditions&nbsp;",1147
犬,dog,状,"status quo, conditions",状態,じょうたい,"state, appearance (of a thing)",1149
犬,dog,状,"status quo, conditions",年賀状,ねんがじょう,New Year's card,1736
犬,dog,燃,"burn, blaze",燃える,もえる,burn が,1452
文,"sentence, literature",済,"settle (debt, etc.), relieve (burden)",経済,けいざい,"economy, economics",802
文,"sentence, literature",対,"vis-a-vis, opposite",対する,たいする,"in response to, face",1036
文,"sentence, literature",対,"vis-a-vis, opposite",対立,たいりつ,"opposition, antagonism",1037
文,"sentence, literature",対,"vis-a-vis, opposite",反対,はんたい,"oppose, the opposite",1038
文,"sentence, literature",対,"vis-a-vis, opposite",対策,たいさく,"measure, countermeasure",1155
文,"sentence, literature",対,"vis-a-vis, opposite",対象,たいしょう,"target, subject",1202
文,"sentence, literature",対,"vis-a-vis, opposite",絶対に,ぜったいに,"absolutely, unconditionally",1551
文,"sentence, literature",蚊,mosquito,蚊,か,mosquito,1738
入,"enter, insert",込,"crowded, mixture",申し込む,もうしこむ,"apply for, make a proposal",836
入,"enter, insert",久,"long time, old story",久しぶり,ひさしぶり,after a long time,1245
甘,"sweet, coax",期,"period, time",期待,きたい,"expectation, anticipation",837
甘,"sweet, coax",期,"period, time",期間,きかん,period (of time),839
甘,"sweet, coax",期,"period, time",時期,じき,"time, period, season",840
甘,"sweet, coax",期,"period, time",定期券,ていきけん,commuter pass,861
甘,"sweet, coax",基,"fundamentals, radical (chem)",基づく,もとづく,be based on,1085
甘,"sweet, coax",基,"fundamentals, radical (chem)",基本,きほん,"basis, foundation",1086
甘,"sweet, coax",基,"fundamentals, radical (chem)",基準,きじゅん,"standard, criteria",1087
甘,"sweet, coax",旗,"national flag, banner",旗,はた,"flag, banner",1620
癶,dotted tent radical (no. 105),発,"departure, discharge",開発,かいはつ,development,930
癶,dotted tent radical (no. 105),発,"departure, discharge",発生,はっせい,"occurrence, happening",931
癶,dotted tent radical (no. 105),発,"departure, discharge",発言,はつげん,"statement, remark",932
癶,dotted tent radical (no. 105),発,"departure, discharge",発見,はっけん,"discovery, revelation",933
癶,dotted tent radical (no. 105),発,"departure, discharge",出発,しゅっぱつ,"departure, starting",934
癶,dotted tent radical (no. 105),発,"departure, discharge",発車,はっしゃ,"depart, leave (for vehicles)",935
癶,dotted tent radical (no. 105),発,"departure, discharge",発表,はっぴょう,announcement,936
癶,dotted tent radical (no. 105),祭,"ritual, offer prayers",祭り,まつり,festival,1100
癶,dotted tent radical (no. 105),際,"occasion, side",国際,こくさい,international,1101
癶,dotted tent radical (no. 105),際,"occasion, side",実際,じっさい,"reality, truth, the actual situation",1102
癶,dotted tent radical (no. 105),登,"ascend, climb up",登る,のぼる,"climb, mount, go up",1142
癶,dotted tent radical (no. 105),察,"guess, presume",警察,けいさつ,police,1218
手,hand,議,"deliberation, consultation",議員,ぎいん,legislator,1034
手,hand,議,"deliberation, consultation",会議,かいぎ,"conference, meeting",1035
手,hand,挙,"raise, plan",選挙,せんきょ,election,1159
手,hand,看,"watch over, see",看護師,かんごし,nurse,1434
手,hand,撃,"beat, attack",攻撃,こうげき,"attack, criticism",1549
手,hand,儀,"ceremony, rule",お辞儀,おじぎ,"bow, bowing",1617
手,hand,我,"ego, i",怪我,けが,injury,1668
手,hand,我,"ego, i",我慢,がまん,"patience, self-restraint",1669
舟,"boat, ship",般,"carrier, carry",一般,いっぱん,"general, common",1045
舟,"boat, ship",航,"navigate, sail",航空便,こうくうびん,airmail,1104
舟,"boat, ship",船,"ship, boat",船便,ふなびん,surface mail&nbsp;(ship),1105
舟,"boat, ship",船,"ship, boat",船,ふね,"ship, boat, vessel",1106
元,"beginning, former time",院,"inst., institution",病院,びょういん,hospital,1052
元,"beginning, former time",院,"inst., institution",入院,にゅういん,be hospitalized,1053
元,"beginning, former time",院,"inst., institution",大学院,だいがくいん,graduate school,1054
元,"beginning, former time",院,"inst., institution",退院,たいいん,discharge from a hospital,1189
元,"beginning, former time",院,"inst., institution",美容院,びよういん,hair salon,1507
元,"beginning, former time",完,"perfect, completion",完成,かんせい,"completion, finish",1110
元,"beginning, former time",頑,"stubborn, foolish",頑張る,がんばる,"persist, be tenacious",1675
示,"show, indicate",禁,"prohibition, ban",禁煙,きんえん,"no smoking, giving up smoking",1066
示,"show, indicate",祭,"ritual, offer prayers",祭り,まつり,festival,1100
示,"show, indicate",際,"occasion, side",国際,こくさい,international,1101
示,"show, indicate",際,"occasion, side",実際,じっさい,"reality, truth, the actual situation",1102
示,"show, indicate",察,"guess, presume",警察,けいさつ,police,1218
示,"show, indicate",余,"too much, myself",余る,あまる,"remain over, be too much<div>(remain because of excess)</div>",1368
示,"show, indicate",除,"exclude, division (x/3)",除く,のぞく,"exclude, get rid of",1369
示,"show, indicate",除,"exclude, division (x/3)",掃除,そうじ,cleaning,1651
示,"show, indicate",除,"exclude, division (x/3)",掃除機,そうじき,vacuum cleaner,1654
鳥,"bird, chicken",島,island,島,しま,"island, isle",1109
鳥,"bird, chicken",鳴,"chirp, cry",鳴る,なる,"sound, ring, thunder",1520
鳥,"bird, chicken",鳴,"chirp, cry",鳴く,なく,"make sound (animal); chirp, meow, etc.",1521
鳥,"bird, chicken",鶏,chicken,鶏,にわとり,"chicken, hen",1614
尤,"reasonable, just",就,"concerning, settle",就職,しゅうしょく,finding employment,1188
尤,"reasonable, just",蹴,kick,蹴る,ける,kick,1707
尢,crooked-big radical (no. 43),就,"concerning, settle",就職,しゅうしょく,finding employment,1188
尢,crooked-big radical (no. 43),沈,"sink, be submerged",沈む,しずむ,"sink, set",1244
尢,crooked-big radical (no. 43),蹴,kick,蹴る,ける,kick,1707
尢,crooked-big radical (no. 43),枕,pillow,枕,まくら,pillow,1730
辰,"sign of the dragon, 7-9am",震,"quake, shake",地震,じしん,earthquake,1267
辰,"sign of the dragon, 7-9am",震,"quake, shake",震える,ふるえる,"tremble, quiver, shake",1268
辰,"sign of the dragon, 7-9am",振,"shake, wave",振る,ふる,"wave, shake, swing",1269
辰,"sign of the dragon, 7-9am",農,"agriculture, farmers",農業,のうぎょう,agriculture,1384
辰,"sign of the dragon, 7-9am",濃,"concentrated, thick",濃い,こい,"thick, concentrated, dark-colored",1385
辰,"sign of the dragon, 7-9am",賑,"flourish, be bustling",賑やか,にぎやか,"lively, exciting",1737
麻,"hemp, flax",歴,"curriculum, continuation",歴史,れきし,history,1276
麻,"hemp, flax",暦,"calendar, almanac",西暦,せいれき,"CE, AD (year)",1601
麻,"hemp, flax",魔,"witch, demon",邪魔,じゃま,"obstacle, interruption",1719
麻,"hemp, flax",磨,"grind, polish",磨く,みがく,"polish, grind",1745
麻,"hemp, flax",磨,"grind, polish",歯磨き,はみがき,"toothpaste, brushing one's teeth",1746
舛,dancing radical (no. 136),隣,neighboring,隣,となり,"neighboring house, next seat",1291
舛,dancing radical (no. 136),舞,"dance, flit",仕舞う,しまう,put away,1700
身,"somebody, person",謝,"apologize, thank",謝る,あやまる,apologize,1400
身,"somebody, person",射,"shoot, shine into",注射,ちゅうしゃ,"shot, injection",1401
乃,"from, possessive particle",誘,"entice, lead",誘う,さそう,"invite, ask out",1404
乃,"from, possessive particle",及,"reach out, exert",普及,ふきゅう,"spreading, becoming popular",1480
巛,curving river radical (no.47),巡,"patrol, go around",お巡りさん,おまわりさん,policeman,1659
巛,curving river radical (no.47),拶,"be imminent, draw close",挨拶,あいさつ,"greet, greeting",1740
虍,"tiger spots, mottled",嘘,"lie, falsehood",嘘,うそ,lie,1731
虍,"tiger spots, mottled",慮,"prudence, thought",遠慮,えんりょ,"reserve, hesitation, forethought",1732
革,"leather, skin",靴,shoes,靴,くつ,"shoes, boots",1743
革,"leather, skin",靴,shoes,靴下,くつした,"socks, stockings",1744
革,"leather, skin",鞄,"suitcase, bag",鞄,かばん,"bag, handbag, briefcase",1770
